word,weight,,
3,0,,
10,0,,
12,0.25,,
14,0.5,,
17,0,,
26,0.5,,
30,0.06666666666666667,,
32,0.5,,
39,0.1111111111111111,,
48,0.5,,
50,0.2857142857142857,,
55,0.5,,
90,0,,
112,0.6,,
240,0.5,,
250,0.5,,
500,0,,
2012,0,,
“hello,0.6666666666666666,,
“no,0.5,,
9th,0.6,,
able,0.09090909090909091,,
about,0.4358974358974359,,
absolutely,0.14285714285714285,,
abuse,0.2,,
accept,0.14285714285714285,,
accident,0.5,,
accountable,0.2,,
accused,0,,
acknowledge,0.7142857142857143,,
across,0.21212121212121213,,
act,0.07692307692307693,,
action,0.2,,
active,0,,
activist,0.5,,
activities,0,,
actually,0.6,,
add,0,,
addiction,0,,
admire,0.5,,
ads,0.5,,
adult,0,,
advanced,0,,
advisors,0.5,,
advocate,0.5555555555555556,,
advocates,0.5,,
afford,0.2727272727272727,,
affordable,0.047619047619047616,,
afraid,0.7777777777777778,,
against,0.1,,
age,0.5,,
agenda,0.6,,
ages,0.7142857142857143,,
ago,0.391304347826087,,
agree,0.1111111111111111,,
ahead,0.6470588235294118,,
aid,0,,
alicia,0.7142857142857143,,
all,0.34798534798534797,,
allies,0.2727272727272727,,
ally,0,,
alone,0.28,,
alongside,0.5,,
already,0.5555555555555556,,
always,0.4166666666666667,,
am,0.046153846153846156,,
america,0.06358381502890173,,
america’s,0,,
americans,0.25,,
americorps,0.8571428571428571,,
anastasia,0.8,,
and,0.02299389957766307,,
angry,0.6,,
annual,0,,
answers,0,,
any,0.16666666666666666,,
anybody,0,,
anyone,0.17647058823529413,,
anything,0.07692307692307693,,
anywhere,0,,
apart,0.45454545454545453,,
appointed,0,,
apprenticeships,0.5,,
are,0.024390243902439025,,
area,0,,
aren’t,0.75,,
arkansas,0.5,,
armed,0.5555555555555556,,
around,0.29411764705882354,,
art,0,,
as,0.3116279069767442,,
ask,0.047619047619047616,,
asked,0.16666666666666666,,
asks,0,,
aspect,0.5,,
assaulted,0,,
assignments,0.5,,
at,0.18811881188118812,,
athletes,0.5,,
attention,0.5,,
autism,0.5,,
available,0,,
average,0,,
avoid,0,,
away,0.2222222222222222,,
awful,0,,
background,0.5,,
backgrounds,0,,
backwards,0.5,,
balance,0.75,,
ballot,0.7142857142857143,,
bank,0,,
barack,0.5,,
barbara,0.6,,
barriers,0.75,,
basic,0.2,,
basically,0.6,,
baton,0.2,,
beautiful,0.2727272727272727,,
beauty,0.5,,
became,0.8181818181818182,,
because,0.5664335664335665,,
become,0.2,,
bed,0.5,,
bedford,0.7142857142857143,,
began,0.5,,
begun,0.6,,
behalf,0,,
behind,0.4117647058823529,,
beings,0.6,,
belief,0.6,,
beliefs,0.5,,
believe,0.358974358974359,,
believed,0.6,,
believes,0.14285714285714285,,
belong,0.6666666666666666,,
beloved,0.2,,
bernardino,0,,
bernie,0.25,,
best,0.36,,
better,0.2222222222222222,,
between,0.2631578947368421,,
bias,0.5,,
biden,0.5,,
big,0.25,,
bigger,0.2727272727272727,,
bigotry,0.5,,
bin,0.6,,
bipartisan,0.6,,
birth,0.6,,
birther,0.5,,
bitter,0,,
black,0.76,,
blair,0.5,,
blame,0.6,,
blind,0,,
blocked,0,,
board,0.6,,
body,0,,
bold,0,,
book,0.6,,
boost,0.2,,
born,0.6363636363636364,,
both,0.5714285714285714,,
box,0.5,,
boys,0.7142857142857143,,
bragging,0.5,,
brain,0.2,,
branches,0,,
brave,0,,
break,0,,
breaking,0,,
breaks,0.5,,
bright,0,,
bringing,0.14285714285714285,,
broken,0,,
brothers,0.5,,
brought,0.29411764705882354,,
bruce,0.5,,
build,0.06976744186046512,,
builders,0.5,,
building,0.2727272727272727,,
built,0.5,,
bully,0.14285714285714285,,
burden,0.14285714285714285,,
bush,0.5,,
businesses,0.4,,
but,0.4449760765550239,,
buy,0,,
called,0.16666666666666666,,
calling,0.6666666666666666,,
calls,0.5,,
came,0.29411764705882354,,
campaign,0.38181818181818183,,
campaigns,0.2,,
campus,0.6,,
can,0.41414141414141414,,
can’t,0.6923076923076923,,
cannon,0.5,,
capable,0.5,,
capital,0,,
captain,0.6,,
car,0.5,,
cared,0.5,,
careers,0.6,,
caring,0.6,,
carried,0.5,,
carry,0.5,,
case,0,,
caucus,0.6,,
cause,0.45454545454545453,,
causes,0,,
census,0.5,,
certain,0,,
certificate,0.5,,
chair,0.6666666666666666,,
challenge,0.75,,
challenged,0.6,,
challenges,0.6,,
champion,0,,
champions,0.5,,
chance,0.3617021276595745,,
chances,0.5,,
changed,0.6666666666666666,,
changing,0.2,,
chapter,0.6,,
charlotte,0.6666666666666666,,
checks,0,,
chelsea,0.6,,
chief,0.6923076923076923,,
childhood,0.6,,
children,0.31343283582089554,,
children’s,0.8461538461538461,,
chisholm,0.5,,
church,0.6666666666666666,,
cincinnati,0.5,,
circle,0,,
citizenship,0.5,,
city,0.5789473684210527,,
civil,0,,
classmates,0.5,,
classrooms,0.6,,
clear,0.5,,
clearer,0.5,,
clearly,0.5,,
cleveland,0,,
clicked,0.5,,
climate,0.5,,
close,0.23809523809523808,,
closed,0.5,,
closer,0.5,,
clothes,0.5,,
clyburn’s,0.6,,
coalition,0.6666666666666666,,
codes,0.6666666666666666,,
colleagues,0.7142857142857143,,
college,0.38461538461538464,,
colleges,0,,
color,0.42857142857142855,,
com,0.75,,
combined,0,,
come,0.02040816326530612,,
comes,0.5555555555555556,,
commander,0.8,,
commerce,0,,
commissioners,0.5,,
commitment,0.5,,
committee,0.6,,
commonsense,0.5,,
communicate,0.6,,
communities,0.24528301886792453,,
community,0.28,,
complicated,0.2,,
comprehensive,0.42857142857142855,,
computer,0.5,,
concerned,0.6,,
conclusively,0.5,,
confess,0.5,,
confidence,0.7142857142857143,,
congratulate,0.5,,
congressman,0.6,,
congresswoman,0.8181818181818182,,
conspiracy,0,,
contestants,0.5,,
continue,0,,
contribute,0.5,,
contributing,0.6,,
contribution,0.5,,
convention,0.5555555555555556,,
conversation,0,,
convince,0.6666666666666666,,
cool,0.6,,
cooperation,0,,
corporations,0.14285714285714285,,
corps,0.7142857142857143,,
could,0.574468085106383,,
couldn,0.7142857142857143,,
council,0.5,,
count,0.7142857142857143,,
county,0.7777777777777778,,
courage,0.5555555555555556,,
courageous,0.5,,
course,0.875,,
covers,0.5,,
credit,0.42857142857142855,,
credits,0,,
cross,0.5,,
crowd,0.42857142857142855,,
crucial,0,,
crutcher,0.5,,
cynicism,0.2,,
dad,0.42857142857142855,,
dade,0.5,,
dallas,0,,
danger,0,,
dangerous,0,,
dare,0.5,,
dare,0.5,,
dark,0.5,,
daughter,0.5,,
daughters,0.6,,
david,0.5,,
day,0.38181818181818183,,
days,0.5111111111111111,,
dear,0.5,,
debate,0.25,,
debates,0.5,,
debbie,0.5,,
debts,0.5,,
decent,0.2,,
decide,0.42857142857142855,,
decisions,0.14285714285714285,,
decrease,0,,
deeply,0.5,,
delighted,0.6,,
delivers,0.5,,
demands,0,,
democratic,0.6,,
democrats,0.5,,
demonstrate,0.5,,
denied,0.25,,
depression,0,,
described,0,,
deserve,0.29411764705882354,,
deserved,0.5,,
deserves,0.6666666666666666,,
destiny,0.5,,
detail,0.5,,
details,0.6,,
determined,0,,
developed,0,,
did,0.6666666666666666,,
didn,0,,
didn’t,0.8181818181818182,,
die,0.25,,
difference,0.6363636363636364,,
differences,0.6,,
different,0.4,,
difficult,0.2,,
dignify,0.5,,
dignity,0.23076923076923078,,
dinner,0.5,,
disabilities,0.9428571428571428,,
disability,0.8461538461538461,,
discouraging,0.5,,
discrimination,0.6666666666666666,,
disposable,0.6,,
distinguished,0.5,,
distracted,0.6,,
diverse,0.5,,
diversity,0.6,,
divide,0.2,,
divided,0.2,,
divides,0.5,,
divisive,0.7777777777777778,,
do,0.5853658536585366,,
does,0.46153846153846156,,
doesn’t,0.8947368421052632,,
doing,0.41935483870967744,,
domestic,0.2,,
don’t,0.7560975609756098,,
donald,0.7567567567567568,,
donald’s,0.5,,
done,0.2777777777777778,,
donna,0.5,,
door,0.7647058823529411,,
doors,0.6,,
dorothy,0.5,,
doubt,0.5,,
down,0.19148936170212766,,
dozens,0.5,,
dr,0.5,,
draperies,0.5,,
dream,0.2,,
dreams,0.42857142857142855,,
dress,0.5,,
drive,0.45454545454545453,,
dropping,0,,
due,0,,
during,0.7777777777777778,,
dying,0,,
e,0.2,,
each,0.8048780487804879,,
earlier,0.6666666666666666,,
early,0.7142857142857143,,
earn,0.6,,
earth,0.2,,
easier,0.6666666666666666,,
eat,0.6666666666666666,,
economy,0.6,,
edelman,0.5,,
education,0.3076923076923077,,
effort,0,,
efforts,0.2,,
eileen,0.6,,
either,0.7142857142857143,,
elect,0,,
elected,0.25,,
electing,0,,
election,0.6296296296296297,,
else,0.17647058823529413,,
embraced,0,,
employees,0,,
employers,0.5,,
empower,0.5,,
encounters,0.5,,
encourage,0.2,,
encouraged,0.5,,
ended,0.2,,
enduring,0.5,,
enemies,0,,
engage,0,,
enhance,0,,
enjoy,0.5,,
enough,0.5789473684210527,,
entire,0.07692307692307693,,
entrepreneurs,0.6666666666666666,,
environment,0,,
epidemic,0.7142857142857143,,
equal,0.45454545454545453,,
equality,0.7777777777777778,,
erica,0.6,,
especially,0.2631578947368421,,
essential,0.5,,
estimated,0.5,,
ethic,0,,
even,0.288135593220339,,
every,0.08396946564885496,,
everybody,0.36,,
everyone,0.6363636363636364,,
everyone’s,0.5,,
everything,0.52,,
everywhere,0,,
exact,0,,
example,0.5,,
examples,0.6666666666666666,,
exceptional,0.14285714285714285,,
excited,0.75,,
excuses,0,,
exist,0,,
exists,0,,
explain,0.5,,
exploit,0,,
expose,0,,
extra,0.6,,
extraordinary,0.6666666666666666,,
eyes,0.7142857142857143,,
fabric,0.5,,
face,0.42857142857142855,,
faced,0.2,,
faces,0,,
facilities,0,,
facing,0.14285714285714285,,
fails,0,,
failure,0,,
fair,0.09090909090909091,,
fairer,0.6666666666666666,,
fairness,0.2,,
faith,0.8461538461538461,,
fall,0.7142857142857143,,
falling,0,,
families,0.36507936507936506,,
family,0.6,,
far,0,,
farmers,0,,
fate,0,,
father,0.5,,
fathers,0.42857142857142855,,
fear,0.6363636363636364,,
fears,0.2,,
feel,0.8823529411764706,,
feels,0.6,,
fellow,0.14285714285714285,,
felt,0.6,,
few,0.6842105263157895,,
fierce,0.6,,
fight,0.4666666666666667,,
fighting,0.21739130434782608,,
fights,0.5,,
figure,0.5555555555555556,,
filled,0.5,,
finally,0.1111111111111111,,
find,0.7272727272727273,,
finding,0.5,,
finish,0.5,,
firing,0,,
first,0.10843373493975904,,
fit,0,,
flames,0,,
flint,0.25,,
flourish,0,,
focus,0.09090909090909091,,
focused,0.25,,
focusing,0.2,,
follow,0.2727272727272727,,
food,0.25,,
football,0.5,,
for,0.1281198003327787,,
forces,0.6363636363636364,,
forgetting,0.5,,
forgive,0,,
formal,0.5,,
fort,0,,
fought,0.5,,
found,0,,
founded,0.42857142857142855,,
founders,0.75,,
four,0.16666666666666666,,
freedom,0.14285714285714285,,
freer,0.5,,
freia,0.7777777777777778,,
friend,0.6363636363636364,,
friends,0.8461538461538461,,
friendship,0.2,,
front,0.7142857142857143,,
fulfill,0.5,,
full,0.16666666666666666,,
fun,0.2,,
fund,0.6666666666666666,,
fundamental,0,,
future,0.5,,
futures,0,,
gabby,0.75,,
game,0.6666666666666666,,
gap,0.5,,
gathered,0.6666666666666666,,
generals,0.5,,
generation,0.75,,
generations,0.6363636363636364,,
generosity,0,,
generous,0.5,,
gentleman,0.5,,
george,0.5,,
get,0.3435114503816794,,
gets,0.8461538461538461,,
girl,0.6842105263157895,,
girls,0.8333333333333334,,
give,0.5789473684210527,,
given,0.07692307692307693,,
gives,0,,
glad,0.2,,
go,0.2972972972972973,,
goal,0.07692307692307693,,
god,0.2,,
god’s,0.5,,
goes,0.4,,
gold,0.5,,
gone,0.1111111111111111,,
good,0.625,,
gosh,0.5,,
got,0.6727272727272727,,
governor,0,,
grace,0.6666666666666666,,
grade,0.2,,
graduation,0.5,,
grandchildren,0.8571428571428571,,
granddaughter,0.6666666666666666,,
grandfather,0.5,,
grandkids,0.6,,
grandmother,0.6,,
grandmothers,0.5,,
grandparents,0.5,,
grandson,0.5,,
grateful,0.8181818181818182,,
gravely,0,,
greater,0.7142857142857143,,
grew,0,,
gridlock,0.5,,
group,0.1111111111111111,,
grow,0.06666666666666667,,
growing,0.14285714285714285,,
grown,0.5,,
guarantee,0,,
guess,0.5,,
guiding,0.5,,
gun,0.9166666666666666,,
guns,0.7647058823529411,,
gwen,0.5,,
had,0.5454545454545454,,
half,0.4,,
hall,0.6,,
hamilton,0.5,,
hand,0,,
handle,0.6666666666666666,,
handling,0,,
hands,0.75,,
happens,0.25,,
happy,0.6666666666666666,,
harbor,0,,
hard,0.5454545454545454,,
harder,0.4,,
hardest,0,,
hasn’t,0.2,,
hate,0.8571428571428571,,
hateful,0.2,,
hatred,0,,
have,0.022443890274314215,,
haven,0.2,,
haven’t,0.5,,
having,0.2727272727272727,,
he,0.559322033898305,,
he’s,0.9090909090909091,,
heal,0.5,,
health,0.4782608695652174,,
healthier,0.5,,
healthy,0.5,,
hear,0.4166666666666667,,
heard,0.4482758620689655,,
hearing,0,,
heart,0.7391304347826086,,
hearted,0.5,,
hearts,0.42857142857142855,,
held,0.2,,
hello,0,,
help,0.6470588235294118,,
helped,0.5,,
helping,0.42857142857142855,,
helps,0.5,,
her,0.08771929824561403,,
here,0.6344086021505376,,
here’s,0.7333333333333333,,
hey,0.6,,
hide,0.2,,
high,0.2,,
higher,0,,
hillaryclinton,0.6666666666666666,,
him,0.7297297297297297,,
himself,0.6666666666666666,,
hire,0,,
hired,0.6,,
his,0.4520547945205479,,
history,0.3,,
hit,0,,
home,0.12195121951219512,,
honor,0.125,,
honored,0.2,,
honorees,0.5,,
hook,0.2,,
hope,0.6,,
hoped,0.5,,
hopeful,0.5,,
horse,0,,
hours,0.42857142857142855,,
house,0.3793103448275862,,
household,0,,
housemaid,0.6,,
how,0.7011494252873564,,
huge,0.5,,
human,0.42857142857142855,,
humanity,0.5,,
husband,0.2,,
i,0.8333333333333334,,
i,0.5049226441631505,,
i’d,0.6,,
i’ll,0.7777777777777778,,
i’m,0.6,,
i’ve,0.7714285714285715,,
idea,0.14285714285714285,,
ideas,0.8181818181818182,,
if,0.20279720279720279,,
ii,0,,
imagine,0.6190476190476191,,
impact,0.25,,
important,0.16666666666666666,,
impossible,0,,
imprisoned,0.5,,
in,0.1198044009779951,,
inaudible,0.5,,
incidents,0.5,,
included,0,,
inclusive,0.8,,
independent,0.2,,
independents,0.6666666666666666,,
indiana,0,,
inequality,0.5,,
injustice,0,,
innovation,0,,
inspired,0.7142857142857143,,
insult,0.5,,
insulting,0.6,,
insults,0.6666666666666666,,
insurance,0.14285714285714285,,
integrity,0.2,,
intellectual,0.2,,
intend,0.6,,
interesting,0,,
introduction,0.7142857142857143,,
investments,0.2,,
involved,0.2,,
iowa,0,,
isn,0.7142857142857143,,
isn’t,0.8571428571428571,,
israel,0,,
issues,0.125,,
it,0.12831858407079647,,
it’s,0.6705882352941176,,
itself,0.14285714285714285,,
iwillvote,0.5,,
jackson,0.6,,
jamira,0.5,,
jersey,0.5,,
jim,0.6666666666666666,,
joe,0.5,,
john,0.7142857142857143,,
join,0.48148148148148145,,
joining,0,,
jordan,0.6666666666666666,,
joy,0,,
joyce,0.6,,
judge,0.42857142857142855,,
july,0.5,,
just,0.47651006711409394,,
justice,0,,
kaine,0.6,,
keep,0.04918032786885246,,
keeps,0,,
keith,0.5,,
kennedy,0.6,,
kent,0.6,,
kept,0.75,,
keys,0.6,,
khan,0.5,,
kid,0.6,,
kids,0.75,,
killed,0.21739130434782608,,
kind,0.9166666666666666,,
kindness,0.6666666666666666,,
king,0.7142857142857143,,
knock,0.6,,
knocked,0.6666666666666666,,
know,0.5036496350364964,,
knows,0.2,,
labor,0.5,,
lace,0.5,,
laden,0.6,,
lady,0.8181818181818182,,
lamont,0.5,,
larger,0.5,,
lasted,0.5,,
late,0,,
later,0.5555555555555556,,
latinos,0,,
laughing,0.5,,
launch,0.75,,
launching,0,,
lauren,0.8,,
lawyer,0.6666666666666666,,
lead,0.07692307692307693,,
leader,0,,
leaders,0.2,,
leadership,0.23076923076923078,,
leading,0.2,,
leads,0.5,,
leah,0.6,,
learn,0.7142857142857143,,
learned,0.5294117647058824,,
leave,0,,
led,0,,
lee,0.5,,
left,0.14285714285714285,,
lesson,0.6,,
lessons,0.5,,
let,0.23636363636363636,,
let’s,0.9310344827586207,,
letter,0,,
lgbt,0.6666666666666666,,
liberate,0,,
lie,0,,
life,0.5769230769230769,,
lifelong,0.5,,
lifetimes,0.6666666666666666,,
lift,0.058823529411764705,,
lifting,0.6,,
like,0.31313131313131315,,
line,0,,
lines,0.14285714285714285,,
list,0,,
listen,0.14285714285714285,,
listening,0.7142857142857143,,
literally,0.5,,
little,0.75,,
live,0.4444444444444444,,
lived,0,,
lives,0.37254901960784315,,
loans,0,,
lobby,0.7142857142857143,,
long,0.21212121212121213,,
look,0.6923076923076923,,
looked,0.6666666666666666,,
looking,0.4117647058823529,,
looks,0.75,,
loophole,0.5,,
loose,0.5,,
loses,0.2,,
lot,0.47619047619047616,,
lots,0.5,,
love,0.1,,
loved,0.45454545454545453,,
loves,0,,
lucie,0.5,,
lunch,0.5,,
m,0.10344827586206896,,
made,0.1836734693877551,,
magnificent,0.5,,
mail,0,,
major,0,,
make,0.24822695035460993,,
makes,0.6,,
making,0.2,,
man,0.15384615384615385,,
managed,0.5,,
manning,0.5,,
many,0.2571428571428571,,
march,0.2,,
marian,0.8181818181818182,,
marines,0,,
mark,0.7777777777777778,,
martin,0.6,,
massachusetts,0.6666666666666666,,
matter,0.6190476190476191,,
matters,0.6,,
may,0.5714285714285714,,
maybe,0.8,,
mayor,0.6666666666666666,,
mccain,0.5,,
me,0.3559322033898305,,
meaning,0,,
measures,0.6,,
meet,0.45454545454545453,,
meeting,0.4,,
member,0.25,,
men,0.15,,
mental,0.5,,
met,0.4,,
methodist,0.6,,
mexican,0.2,,
michael,0.2,,
michelle,0.75,,
might,0.8461538461538461,,
mikey,0.6,,
milestone,0.5,,
mill,0.5,,
millions,0.03225806451612903,,
mind,0.5,,
minded,0.2,,
minds,0,,
mine,0.7142857142857143,,
minor,0,,
minute,0.75,,
minutes,0.2,,
miss,0.75,,
miss,0.5,,
mission,0,,
mississippi,0.6,,
mistake,0.7777777777777778,,
mobility,0,,
moment,0,,
monday,0,,
month,0.5,,
months,0,,
montrell,0.5,,
moore,0.6,,
more,0.23684210526315788,,
morning,0.5,,
most,0.06382978723404255,,
mother,0.7692307692307693,,
mothers,0.5,,
motto,0.5,,
mourning,0,,
moved,0.5,,
moving,0.14285714285714285,,
mrs,0,,
much,0.34328358208955223,,
muslim,0,,
muslims,0.5,,
my,0.1693548387096774,,
myself,0.5,,
naacp,0.5,,
name,0.5384615384615384,,
named,0.38461538461538464,,
names,0,,
necessary,0.2,,
need,0.5625,,
needed,0.5,,
negativity,0.5,,
neglected,0.14285714285714285,,
neighborhood,0.5,,
neighbors,0.5,,
never,0.037037037037037035,,
next,0.4838709677419355,,
night,0.5,,
nine,0.5555555555555556,,
no,0.05454545454545454,,
noise,0.5,,
nomination,0,,
nominee,0.5,,
none,0,,
not,0.33884297520661155,,
notable,0.5,,
noticed,0.6,,
notion,0.5,,
now,0.4262295081967213,,
nuclear,0.5652173913043478,,
nurses,0.5,,
obama’s,0.5,,
obligation,0,,
odd,0.5,,
odds,0.7142857142857143,,
off,0,,
offenders,0,,
offense,0.2,,
offenses,0,,
offer,0.6,,
offering,0.42857142857142855,,
officer,0.7142857142857143,,
officers,0.4,,
often,0.5,,
ohio,0.38461538461538464,,
okay,0.7142857142857143,,
old,0.13043478260869565,,
older,0.75,,
one,0.038461538461538464,,
one’s,0.5,,
ones,0.2,,
online,0.5,,
only,0,,
onto,0,,
opponents,0,,
opportunities,0.3,,
opportunity,0.75,,
optimistic,0.5,,
or,0.3188405797101449,,
orders,0,,
organizations,0,,
organized,0,,
osama,0.6,,
other,0.1958762886597938,,
other’s,0.6,,
others,0.5,,
ours,0.5,,
ourselves,0.5714285714285714,,
out,0.20833333333333334,,
outrageous,0,,
own,0.08108108108108109,,
owned,0.5,,
owners,0.6,,
pageant,0.6666666666666666,,
paid,0.5,,
pain,0,,
painful,0.6,,
paralyzed,0.5,,
paranoia,0.5,,
parent,0,,
parents,0.36,,
parking,0.5,,
part,0.6216216216216216,,
participate,0.6,,
particular,0,,
particularly,0.6666666666666666,,
parties,0.6,,
party,0.5,,
pasco,0.6666666666666666,,
pass,0,,
passed,0.7142857142857143,,
passion,0.6,,
past,0.06666666666666667,,
path,0.2727272727272727,,
patrick,0.2,,
patriotic,0.2,,
pay,0.1111111111111111,,
paying,0.2,,
pence,0,,
people,0.2846715328467153,,
perfect,0.6,,
performed,0,,
period,0.2,,
person,0.5294117647058824,,
personal,0,,
personally,0,,
philadelphia,0.8181818181818182,,
phrase,0,,
physical,0,,
pick,0.2,,
picture,0,,
pit,0.6,,
pitch,0.5,,
pivotal,0.5,,
places,0.25,,
plain,0,,
planet,0.5,,
plans,0.25,,
platform,0.5,,
played,0.5,,
please,0.8181818181818182,,
police,0.15789473684210525,,
politics,0,,
polls,0.5555555555555556,,
population,0,,
porch,0.6,,
possible,0.5384615384615384,,
possibly,0.42857142857142855,,
potential,0.45454545454545453,,
powerful,0.06666666666666667,,
prayers,0.5,,
pre,0,,
precise,0.5,,
prejudice,0.5,,
prepared,0,,
presidency,0.2,,
president,0.3858267716535433,,
pretty,0.42857142857142855,,
prevail,0,,
prevent,0.14285714285714285,,
pride,0,,
primarily,0,,
primary,0.5,,
principal,0.5,,
printing,0.5,,
prisoners,0.6,,
privilege,0.5,,
privileged,0.5,,
problems,0.2727272727272727,,
profound,0,,
program,0,,
programs,0,,
progress,0.7333333333333333,,
progressive,0.5,,
promise,0.23076923076923078,,
promised,0,,
promote,0.5,,
proof,0.5,,
protected,0,,
proud,0.42857142857142855,,
prove,0.5,,
provided,0.2,,
proving,0.6,,
provocation,0.5,,
pull,0.2,,
purpose,0,,
push,0.6,,
putin,0.5,,
putting,0,,
question,0.4,,
questions,0,,
quit,0.6666666666666666,,
racism,0.7142857142857143,,
radio,0.6,,
rah,0.5,,
raised,0.6666666666666666,,
rally,0.14285714285714285,,
ramps,0.5,,
ran,0.5,,
rather,0.2,,
reach,0.5,,
reached,0,,
read,0.7142857142857143,,
real,0.10526315789473684,,
reality,0.6,,
realized,0,,
really,0.5517241379310345,,
recently,0,,
recession,0.5,,
recognize,0.6666666666666666,,
red,0,,
refinance,0.5,,
reflect,0.5,,
refused,0,,
refuses,0,,
register,0.6666666666666666,,
reject,0.14285714285714285,,
remain,0.14285714285714285,,
remarkable,0.5,,
remember,0.03225806451612903,,
reminded,0.5,,
reminder,0.5,,
renewable,0.5,,
repeat,0.5,,
reporter,0.6,,
reporting,0,,
reports,0,,
representative,0.42857142857142855,,
representatives,0,,
represented,0.6,,
represents,0.2,,
republicans,0.7333333333333333,,
resentment,0.5,,
reserves,0.5,,
resources,0.14285714285714285,,
respect,0.36,,
respected,0.5,,
responded,0.5,,
responders,0.5,,
responsibilities,0.5,,
responsibility,0.5,,
responsible,0,,
rest,0.2,,
results,0,,
retired,0.6,,
reverend,0.5,,
rhetoric,0.14285714285714285,,
right,0.2345679012345679,,
rights,0.7391304347826086,,
rise,0,,
rising,0.5,,
river,0.5,,
road,0.5,,
robert,0,,
rock,0.6,,
roof,0,,
room,0.4,,
rouge,0.2,,
running,0.5,,
runs,0,,
ryan,0.7777777777777778,,
sacrificed,0.2,,
safer,0.6666666666666666,,
said,0.813953488372093,,
sales,0.5,,
same,0.07317073170731707,,
sanders,0.14285714285714285,,
satisfied,0.6,,
saved,0.6666666666666666,,
saw,0.8181818181818182,,
say,0.2549019607843137,,
saying,0.75,,
says,0.5294117647058824,,
scale,0.5,,
scapegoat,0.5,,
scared,0.5,,
school,0.1076923076923077,,
scott,0.7142857142857143,,
scranton,0.5,,
seat,0.5,,
seated,0.5,,
sector,0,,
see,0.6,,
seeing,0,,
seem,0.7142857142857143,,
seems,0.6,,
sees,0.75,,
send,0.2,,
sending,0.2,,
sense,0.7142857142857143,,
senseless,0.5,,
separate,0.6,,
serious,0.6666666666666666,,
serve,0.3076923076923077,,
served,0.6666666666666666,,
service,0.7391304347826086,,
service’,0.5,,
services,0.25,,
serving,0.09090909090909091,,
setting,0,,
seven,0.5,,
several,0.2,,
sexually,0,,
shadows,0,,
shame,0.6,,
shape,0.7142857142857143,,
share,0.13043478260869565,,
shared,0.5,,
she,0.019417475728155338,,
she’s,0.07692307692307693,,
shirley,0.5,,
shoes,0.6,,
short,0.2,,
shortchange,0.5,,
shot,0.5555555555555556,,
should,0.6338028169014085,,
shouldn’t,0.7142857142857143,,
show,0.043478260869565216,,
showed,0.6666666666666666,,
showing,0.6666666666666666,,
shown,0.75,,
sick,0.5,,
side,0.2727272727272727,,
sidelines,0.5,,
signing,0,,
similar,0.2,,
simply,0.42857142857142855,,
single,0.28,,
sister,0.7142857142857143,,
situation,0.25,,
six,0,,
size,0.6,,
skill,0.14285714285714285,,
skills,0.6,,
slightest,0.5,,
slogan,0.6666666666666666,,
slots,0,,
small,0.36363636363636365,,
smart,0.6666666666666666,,
so,0.39299610894941633,,
soaring,0,,
social,0.2,,
sold,0,,
solutions,0.2,,
some,0.4482758620689655,,
somebody,0.5555555555555556,,
somehow,0.5,,
someone,0.875,,
something,0.8048780487804879,,
sometimes,0.2,,
son,0.5,,
sons,0.5,,
sophia,0.5,,
sorry,0.5,,
sort,0.5,,
source,0.2,,
south,0.42857142857142855,,
speak,0.5,,
speech,0.1111111111111111,,
spent,0.06666666666666667,,
spirit,0.6,,
spoke,0.16666666666666666,,
spread,0,,
st,0.6,,
staff,0,,
staffers,0,,
stake,0.8461538461538461,,
stakes,0.5,,
stamina,0.2,,
stand,0.4,,
standards,0,,
star,0.6,,
start,0.09090909090909091,,
started,0.6923076923076923,,
starting,0.42857142857142855,,
stay,0.5714285714285714,,
stayed,0.7142857142857143,,
steady,0.6,,
step,0.5,,
stick,0.5,,
still,0.7419354838709677,,
stock,0.5,,
stood,0.7142857142857143,,
store,0,,
stories,0.6,,
story,0.7142857142857143,,
strategies,0,,
strategy,0.6666666666666666,,
strength,0.2857142857142857,,
strengths,0.5,,
strickland,0.5,,
strong,0,,
stronger,0.75,,
stronger,0.6,,
struggled,0.5,,
struggling,0.1111111111111111,,
stuck,0.5,,
student,0.45454545454545453,,
studies,0,,
study,0,,
stuff,0,,
subminimum,0.5,,
success,0,,
such,0.125,,
suffering,0,,
sunday,0,,
supporter,0.5,,
supporters,0.14285714285714285,,
supporting,0.5384615384615384,,
suppose,0.6,,
sure,0.696969696969697,,
surround,0.5,,
sybrina,0.5,,
systemic,0.6666666666666666,,
table,0.6,,
taken,0.14285714285714285,,
talent,0.5,,
talents,0.5,,
talk,0.2413793103448276,,
talking,0.2,,
talks,0.2,,
tall,0,,
tape,0.6666666666666666,,
taught,0.5,,
teach,0.5,,
teacher,0.5,,
teachers,0.7142857142857143,,
teaching,0.5,,
tear,0.6,,
tearing,0.6,,
tears,0.6,,
ted,0.6666666666666666,,
teenager,0.5,,
tell,0.5348837209302325,,
telling,0.14285714285714285,,
tells,0.2,,
temperament,0.6,,
temple,0.6666666666666666,,
tens,0.14285714285714285,,
terence,0.5,,
terms,0,,
terrific,0.5,,
than,0.20408163265306123,,
thank,0.35135135135135137,,
thanks,0.7142857142857143,,
that’s,0.8666666666666667,,
them,0.07913669064748201,,
themselves,0,,
then,0.06060606060606061,,
there,0.13043478260869565,,
there’s,0.7777777777777778,,
therefore,0.5,,
they’re,0.875,,
thin,0.5,,
thing,0.29411764705882354,,
think,0.5733333333333334,,
thinking,0.6363636363636364,,
thinks,0.7142857142857143,,
this,0.10869565217391304,,
this,0.5,,
those,0.2564102564102564,,
though,0.5,,
thought,0.42857142857142855,,
thoughtful,0,,
threatened,0.5,,
threw,0.5,,
thrilled,0.6666666666666666,,
thrive,0,,
thrives,0.5,,
through,0.38095238095238093,,
throughout,0.6,,
tianna,0.5,,
tiffany,0,,
tim,0.6363636363636364,,
time,0.23076923076923078,,
today,0.42857142857142855,,
today’s,0.5,,
together,0.5813953488372093,,
together’,0.5,,
told,0.5,,
tomorrow,0.2,,
too,0.7777777777777778,,
tools,0.5,,
touch,0,,
toward,0.6666666666666666,,
tract,0.5,,
tragic,0,,
trained,0.5,,
transform,0,,
transportation,0.2,,
trayvon,0.5,,
treasure,0.5,,
treat,0,,
tried,0.42857142857142855,,
troops,0,,
trump’s,0.2,,
trumps,0.8,,
trust,0.7142857142857143,,
truth,0,,
try,0.6,,
trying,0.25,,
tuesday,0.6666666666666666,,
tulsa,0.5,,
turn,0.125,,
turned,0.2727272727272727,,
turnout,0.6,,
tv,0.6,,
twelve,0.2,,
twenty,0.5,,
ultimate,0.5,,
understand,0.6666666666666666,,
understanding,0.5,,
understands,0.14285714285714285,,
undocumented,0.6,,
uniform,0.5,,
union,0.5,,
universal,0.6,,
universe,0.6,,
universities,0.5,,
university,0.6666666666666666,,
unlimited,0,,
unprecedented,0,,
unqualified,0.5,,
up,0.23076923076923078,,
upsetting,0.5,,
urban,0,,
urging,0.5,,
us,0.564625850340136,,
usa,0.5,,
using,0.2,,
usually,0.2,,
val,0.6666666666666666,,
valuable,0.6,,
value,0.6666666666666666,,
values,0.5714285714285714,,
ve,0.023255813953488372,,
veto,0,,
violence,0.06666666666666667,,
vision,0.625,,
vital,0.1111111111111111,,
vladimir,0.5,,
voices,0.2,,
volunteer,0.75,,
volunteering,0.6,,
volunteers,0.6,,
vote,0.20833333333333334,,
voted,0.6666666666666666,,
voting,0.7894736842105263,,
vulnerable,0,,
w,0.6,,
wage,0.6666666666666666,,
wait,0.5,,
wake,0.14285714285714285,,
walk,0.25,,
walker,0.5,,
walls,0.5,,
want,0.4878048780487805,,
wanted,0.6923076923076923,,
wanting,0.2,,
war,0.16666666666666666,,
was,0.37823834196891193,,
wasn’t,0.6666666666666666,,
watched,0.2,,
watching,0.2,,
water,0.4,,
way,0.2537313432835821,,
ways,0.625,,
we,0.7142857142857143,,
we,0.05263157894736842,,
we’d,0.5,,
we’ll,0.6666666666666666,,
we’re,0.9024390243902439,,
we’ve,0.8285714285714286,,
weapons,0.42857142857142855,,
wearing,0.5,,
weary,0.5,,
week,0.5384615384615384,,
weekend,0.2,,
weigh,0,,
welcome,0.42857142857142855,,
welcoming,0.6,,
well,0.7777777777777778,,
well,0.7083333333333334,,
went,0.45454545454545453,,
were,0.0847457627118644,,
weren’t,0.7777777777777778,,
west,0,,
what,0.7142857142857143,,
what,0.5124378109452736,,
what’s,0.8,,
whatever,0.375,,
wheelchair,0.7142857142857143,,
when,0.48905109489051096,,
when,0.6,,
whenever,0.5,,
where,0.37254901960784315,,
whether,0.5555555555555556,,
whipped,0.5,,
white,0.42857142857142855,,
who,0.2,,
who’s,0.5,,
who’ve,0.42857142857142855,,
whom,0.6666666666666666,,
whose,0.07692307692307693,,
why,0.627906976744186,,
wife,0.45454545454545453,,
willing,0.6666666666666666,,
winning,0,,
with,0.1174785100286533,,
without,0.29411764705882354,,
woman,0.68,,
women,0.475,,
women’s,0.6666666666666666,,
won’t,0.6,,
wonderful,0.14285714285714285,,
word,0,,
words,0.14285714285714285,,
work,0.4406779661016949,,
worked,0.38461538461538464,,
workforce,0.2,,
working,0.6774193548387096,,
workplaces,0.5,,
works,0,,
world,0.12195121951219512,,
worried,0.7142857142857143,,
worst,0.14285714285714285,,
worth,0.5,,
would,0.07246376811594203,,
wouldn’t,0.6666666666666666,,
wright,0.2,,
written,0,,
wrong,0.42857142857142855,,
years,0.21649484536082475,,
yes,0.3684210526315789,,
york,0.375,,
you,0.5373134328358209,,
you’ll,0.75,,
you’re,0.8571428571428571,,
you’ve,0.8333333333333334,,
young,0.8214285714285714,,
your,0.35526315789473684,,
youth,0,,
zianna,0.6,,
zip,0.6,,